Name	title	coding	mentioned_candidate	upvote_ratio	ups	score	num_comments	total_awards_received
t3_j9346j	/r/Conservative Official Political Discord			0.84	1084	1084	80	15
t3_jz5rv6	Trump campaign says Sidney Powell not a member of legal team			0.84	1157	1157	792	10
t3_jyvyjh	China now blaming Italy for starting Wuhan coronavirus pandemic			0.77	5636	5636	754	8
t3_jyvht8	HBO talkshow host Bill Maher slams Democrats for hypocrisy on COVID-19 protocol -- “They keep getting caught doing what we’re not allowed to do.”			0.66	3490	3490	600	3
t3_jyzq16	Putin Says He’s Not Ready to Recognize Biden as U.S. President			0.78	949	949	282	3
t3_jz2tha	Trump obsession: Democrats tweet about him 12,569 times to 486 about Biden			0.74	538	538	142	1
t3_jz310n	Viral video shows New York business owners take defiant stand when health inspector barges inside: 'Go get a warrant'			0.85	501	501	61	1
t3_jyzxbg	Black Lives Matter Wisconsin leader - a convicted felon - arrested on suspicion of sexual assault			0.77	825	825	151	2
t3_jyxn8u	New York Democratic Leaders Caught Maskless At Private Party Despite COVID Restrictions			0.79	1155	1155	130	0
t3_jyzpvt	"How Trump Responded When Liz Cheney Called on Him to Concede: ""Sorry Liz, can’t accept the results of an election with hundreds of thousands of fraudulent votes cast, enough to easily flip the Election. You’re just unhappy that I’m bringing the troops back home where they belong!"""			0.74	730	730	192	1
t3_jyufp9	Latinos in South Texas Voted Against Illegal Immigration and CBP Demonization			0.84	1827	1827	177	4
t3_jyxkr4	AOC: Does anyone believe Rittenhouse would be released if he were Muslim &amp; did the same thing in a diff context? For people who say “systemic racism doesn’t exist,” this is what it looks like: protection of white supremacy baked deep into our carceral systems.			0.74	845	845	612	0
t3_jz32ou	Left-Wing Activist And Actress Alyssa Milano Warned Against Electronic Voting Machines in 2018: ‘We Need Paper Ballots’			0.78	325	325	50	0
t3_jz458k	"""Georgia Is the First State I’m Going to Blow Up and Mr. Kemp and the Secretary of State Need to Go With It!” — Sidney Powell"			0.75	205	205	252	1
t3_jz4so8	'Call of Duty: Black Ops Cold War' Affirms a Pro-American Worldview -- A rich gaming environment replete with Reagan administration cameos is just what the doctor ordered.			0.77	179	179	60	0
t3_jz44zr	GOP Likely to Gain Third US House Seat in California			0.84	201	201	25	0
t3_jz1ccx	Gov. Kemp calls for signature audit of Georgia vote			0.76	261	261	139	0
t3_jz2zwz	Sidney Powell Is an American Legal Giant -- She is fighting for our Republic right now because – make no mistake – honest American elections, and the continuing viability of our democracy, is on the line.			0.67	200	200	101	3
t3_jz63x3	Trump campaign says Sidney Powell isn't a member of its legal team			0.78	121	121	99	3
t3_jyz5xv	CA-25: Garcia(R) declares victory, Smith declines to concede			0.83	370	370	74	0
t3_jywe6w	Joseph Stalin To Receive International Emmy For His Outstanding Hunger Relief Efforts			0.75	603	603	24	3
t3_jyxdkn	Iowa's GOP Miller-Meeks Leads By 50 Votes In Nation's Closest House Race			0.81	475	475	59	1
t3_jz7out	In Canada, you have to show ID and proof of address to vote in Federal elections			0.85	77	77	35	0
t3_jyvpw5	BREAKING: FDA Grants Emergency Use Authorization To Antibody Cocktail Used By Trump			0.82	642	642	153	1
t3_jz2v7v	"Let's talk about the ""where is the evidence"" meme"			0.65	174	174	150	7
t3_jynr36	High family income, not SAT scores, is your real ticket to Harvard, Yale, and Princeton			0.79	7766	7766	1353	3
t3_jyxl1z	How to explain Latino support for Trump? ABC News reports misleading memes went viral in Latino communities			0.81	379	379	77	0
t3_jyy03k	Brooklyn political elite ignore COVID-19 rules at birthday party for Carlo Scissura			0.8	340	340	27	0
t3_jz7p9d	In Apparent Glitch, Voting Machines Hunt Down And Murder Trump Supporters			0.81	61	61	3	1
t3_jyxedz	"Illinois Governor Pritzker Snubs Lori Lightfoot's ""Do Not Travel"" Advisory. He May Leave Chicago For Thanksgiving"			0.79	343	343	41	0
t3_jz5vh8	WSJ Editorial Board: Stockton, CA elects Republican Mayor vowing safer streets			0.84	84	84	17	0
t3_jyymh1	Reap What You Sow: Media Who Coddled Biden for Months Now Complain About Mistreatment			0.77	280	280	94	0
t3_jz2tk2	Kevin McCarthy: Voters Have Rejected Pelosi's 'Socialist' Agenda			0.78	130	130	28	0
t3_jywg7k	Devout Catholic Joe Biden, our most pro-abortion president			0.69	336	336	336	0
t3_jz5fzn	Federal judge dismisses Trump campaign’s Pennsylvania case			0.73	68	68	17	0
t3_jz6ugc	Judge Denies Injunction for “Black Only Relief Fund”			0.83	52	52	35	2
t3_jyz99e	Trump Lawyer Sidney Powell Promises 'Biblical' Lawsuit in Coming Days			0.72	178	178	176	1
t3_jz5wbs	Miami Herald warning on Smartmatic 3/29/2006: “Software engineers with links to the Leftist, anti-American regime of Hugo Chavez are in charge of programming electronic voting machines that will soon power U.S. elections”			0.71	52	52	10	0
t3_jz0yll	AOC slams Kyle Rittenhouse’s release on $2M bond as ‘law and disorder’			0.77	127	127	71	0
t3_jz6olk	Sidney Powell No Longer Part of Trump's Legal Team: Giuliani Statement			0.68	44	44	96	1
t3_jz37gc	Trump Derangement Syndrome in Democrats won't go away with Trump			0.7	87	87	62	0
t3_jyuins	An Urgent Appeal to WHO: Let Taiwan Speak -- If WHO is serious about the pandemic, it will listen to the nation that successfully confronted it — and stop kowtowing to Beijing.			0.85	412	412	23	0
t3_jz5h7b	Young voters set turnout record, aiding Biden			0.69	53	53	133	0
t3_jz7frn	Trump Campaign Formally Requests a Recount in Georgia			0.81	37	37	22	0
t3_jyxknb	Subway shoving, flamethrowers, shootings in NYC blamed on 'perfect storm' of police reform, pandemic. Shootings have almost doubled from last year following a long era of low crime rates			0.79	198	198	30	0
t3_jz4oh8	Religion, Liberty, and Religious Liberty. Macron is pushing France to confront the implications of Islamism for liberal democracy.			0.85	58	58	4	0
t3_jywrgm	Remember when: Activists urge Clinton camp to challenge election results in three states			0.65	225	225	244	0
t3_jylbj0	CNN Condemns Trump Rallies As 'Physically Peaceful But Morally Violent'			0.83	3598	3598	171	8
t3_jz447i	"Omar Urges Biden To Reverse Trump's Agreements In The Middle East And Claims They Were ""Not Peace Deals"""			0.72	55	55	48	0
t3_jz3jt3	The Fight Ahead: Our Media Is Trash. Their Words Are Worth Nothing. The fight ahead is real.			0.68	56	56	7	0
t3_jyunuj	"Trump campaign adviser Steve Cortes: Sudden Stop In Mail-In Vote Count 'Suspicious' -- Particularly since it was followed by a ""deluge"" of votes for Joe Biden in key battleground states."			0.69	315	315	77	0
t3_jyxejf	Merkel, Germany's 'eternal' chancellor, marks 15 years in power			0.79	163	163	54	0
t3_jywdz5	Philly Bans All Indoor Gatherings Unless You're Still Counting Biden Votes			0.74	201	201	13	0
t3_jyulqn	Trump Team Files for Fresh Recount in Georgia’s Presidential Race			0.7	309	309	194	1
t3_jyzr94	WaPo Columnist Has an Epic Meltdown Over Republicans Standing By Claims of Voter Fraud			0.74	113	113	31	0
t3_jz5f71	Julie Burchill: President Trump has loved and been great for Israel			0.71	37	37	23	0
t3_jz36r2	To Restore Election Integrity, End Mail-In Vote Fraud			0.63	54	54	53	0
t3_jz71m8	Court Rules Tennessee Can Outlaw Down Syndrome, Race, and Gender Abortions			0.72	24	24	31	0
t3_jyvnfu	"McEnany: We Have To Take Election To The Supreme Court To Expose ""Systemic Voter Fraud"""			0.64	195	195	170	1
t3_jyyqsb	Leftists Hate on Free Speech Platforms GAB and Parler: Where is this Going?			0.69	103	103	170	0
t3_jyjvag	HBO’s John Oliver Called It ‘Completely Insane’ to Use Electronic Voting Machines in Nov. 2019			0.79	3488	3488	604	5
t3_jz56nz	GOP senator says Trump to Biden transition should begin 'tomorrow morning'			0.63	34	34	60	0
t3_jz29z4	Man spits on hikers for not wearing a mask			0.79	55	55	56	0
t3_jz60sj	Dominion responds to Trump team claims			0.67	27	27	38	0
t3_jz4yxu	Alito Points to Warning Signs That Threaten a Free and Civil Society			0.69	35	35	18	0
t3_jz30uh	Fauci Renews Pandemic For Highly Anticipated Season 2			0.66	44	44	12	0
t3_jyjte3	Ilhan Omar Urges Biden to ‘Reverse’ President Trump’s Middle East Agreements -- Thinks that peace between Israel and Arab nations is a bad thing.			0.73	3450	3450	597	4
t3_jz3j9r	BLM Founders Demand Joe Biden Support A 'Roadmap' To Abolition Of Police, Prisons			0.65	40	40	73	0
t3_jyo646	Poll shows Republican favorability of Fox News has dropped after Election Day			0.86	1164	1164	416	0
t3_jyxe43	Marsha Blackburn: Big Tech Censorship 'Choosing Winners And Losers'			0.75	114	114	8	0
t3_jyxbza	Polish Prime Minister: EU ‘Oligarchy’ Wielding ‘Propaganda Bludgeon’ Like Former Communist Regime			0.78	113	113	14	0
t3_jyu9da	Sacramento Sheriff on Not Enforcing COVID Curfew: Making Cops 'Instruments' of 'Oppression' Damages Community Relations			0.8	232	232	19	1
t3_jz6rre	"Joseph Nye: ""Trump deserves credit for pushing back on China's abusive trade practices, but it would have been better if we worked with our allies to isolate China. Also, his trade deal has been costly for Americans without changing the trade imbalance or addressing technological issues."""			0.66	22	22	11	0
t3_jyxyyy	China Issues Instructions for ‘Incoming Biden Administration’			0.73	96	96	29	0
t3_jz2pkg	Florida Holocaust museum opens exhibition about George Floyd			0.71	43	43	56	0
t3_jyl85p	Judge Dismisses Trump Campaign Suit to Invalidate PA Election Certification With Prejudice			0.85	1894	1894	1687	6
t3_jyuepe	NY company makes window stickers of Cuomo watching over your Thanksgiving			0.82	203	203	15	0
t3_jyzfq8	U.S. retailer Guitar Center files for bankruptcy			0.77	68	68	17	0
t3_jz1ohl	Data Analysts: Stolen votes confirmed by voters themselves			0.55	51	51	49	4
t3_jz3yqv	Report: Al Sharpton's Charity Paid Relatives over $80K in 2019			0.65	28	28	22	0
t3_jz7v4t	Sisolak limits gathering sizes for restaurants to 25% and require reservations to bars that serve food.			0.86	15	15	4	0
t3_jyni11	NY Business Owners Kick Out Health Dept, Sheriffs: “Civil Disobedience Starts Now”			0.8	1017	1017	356	6
t3_jyqh97	Chinese Warn Against Communism at Trump Rally, Tell Americans to Speak Out			0.8	510	510	97	1
t3_jz66yf	US Exits Open Skies Treaty, Moves to Discard Observation Planes			0.72	18	18	2	0
t3_jyhqpn	"Waffle House’s Stand Against Lockdowns Is Exactly What America Needs—Almost | ""None of the people who make the decisions to shut down businesses and impact people's livelihoods ever have their own livelihood impacted,"" the Waffle House CEO recently told Business Insider."			0.69	3833	3833	681	10
t3_jz5706	Madeline Grant: UK hasn't had a pro-liberty PM since Thatcher			0.66	21	21	9	0
t3_jz4aea	Chris Christie Waddles to Lead the SurrenderCon Pack			0.63	23	23	21	0
t3_jylfat	Hispanic Voters In Florida Who Fled Dictatorships Think The Election Was Stolen From Trump			0.75	1250	1250	470	2
t3_jypglr	Ohio Shifts Red: Analysts Believe Buckeye State No Longer Swing State			0.82	536	536	182	0
t3_jz7fr3	Latest: Why a Federal Judge Tossed Out One of the Trump Campaign's PA Lawsuits			0.75	12	12	1	0
t3_jyp9sd	"Illinois Voter: ""You Don't 'Install' a President, You Elect a President"""			0.8	506	506	102	1
t3_jyxcu1	Michigan Canvass Board Member: 'Need Evidence' to Delay Certification			0.72	62	62	34	0
t3_jz3bhq	Pennsylvania election: Trump appeals dismissal of bid to block vote certification			0.65	24	24	17	0
t3_jygcv2	Joseph Stalin To Receive International Emmy For His Outstanding Hunger Relief Efforts			0.82	2463	2463	85	5
t3_jyqhw1	REVEALED: Dominion/Smartmatic 'Noncompete' Agreement Emerges Despite Claims of Being 'Fierce Competitors'			0.81	323	323	37	0
t3_jz7frg	What Hollywood Celebs Are Saying About Don Jr.'s Coronavirus Diagnosis			0.64	8	8	5	0
t3_jylcn2	2008 FlashBack: CNN Says Obama Won His Senate Primary by Tossing Ballots Without Matching Signatures			0.78	905	905	170	1
t3_jz54sh	US seeks right to bomb Kenya as Islamic terrorists spread			0.62	11	11	17	0
t3_jyyhla	Texan Matthew McConaughey Considering Political Run – He’s Looking To Jump Straight To The Top As Governor			0.68	41	41	50	0
t3_jz2lna	Britons who test negative for Covid set to receive a 'freedom pass'			0.65	21	21	27	0
t3_jyxmvc	Huntington Beach protests California’s coronavirus curfew			0.7	44	44	3	0
t3_jyztx6	Do Trump Supporters Live in an Alternate Universe?			0.58	32	32	52	0
t3_jz53zd	Dominic Lawson: The UK practices eugenics (on Down's Syndrome)			0.61	11	11	3	0
t3_jyyuuv	OUT: I Am Strong, I Am Invincible. IN: Boys Have Cooties! - Duke sorority council bans events with male groups.			0.66	32	32	7	0
t3_jz8798	Obama can't credibly racialize his party's failures - Former President Barack Obama continues to believe the world revolves around him.			0.75	6	6	0	0
t3_jyp0f1	Sidney Powell: 'Biblical' Lawsuit Coming, Accuses Ga. Gov. Kemp of Deal With Dominion			0.77	330	330	292	1
t3_jyp5q9	Actor Scott Baio threatens to move to Utah to unseat Sen. Mitt Romney after his anti-Trump tweet			0.75	305	305	100	1
t3_jym9cn	Pennsylvania Judge Dismisses Trump Campaign's Challenge to Pennsylvania Election Law			0.82	521	521	437	1
t3_jz5ni0	Nick Timonthy: UK will be living with the devastating costs of the Covid governance for decades			0.59	7	7	1	1
t3_jyusgt	Ben Carson: Trump Saved My Life After I Got COVID			0.65	66	66	32	0
t3_jyyd3u	Kelly Loeffler quarantining after positive, inconclusive coronavirus tests: campaign			0.66	26	26	12	0
t3_jz84ie	There’s a way to fix the $4.6 trillion U.S. public pensions mess — Canada shows us how			1.0	5	5	1	0
t3_jz421o	It begins: The Biden border surge, and too bad about the COVID lockdowns			0.58	12	12	20	0
t3_jyl2cx	Republicans fuming after Dominion Voting Systems backs out night before scheduled PA oversight hearing			0.83	563	563	60	1
t3_jykyw7	Federal Election Commission Chair: Trump Campaign Has Legitimate Claims of Election Fraud			0.75	531	531	200	3
t3_jyunfn	Gov. Andrew Cuomo to receive Emmy award for his 'leadership' during the pandemic, Twitter goes nuts			0.69	49	49	25	1
t3_jybw7n	Texas Passes Law Banning Californians From Voting After They Move There			0.6	5816	5816	1570	13
t3_jywcd9	"Higher education cartoon of the week ""They pay You?"""			0.68	34	34	14	0
t3_jz5l46	Ross Clark: (UK) This is the next phase of a ruinous cycle of illogical restrictions			0.56	5	5	1	0
t3_jyymdx	"Eleventh Circuit Enjoins Local Ordinances Barring ""Conversion Therapy"""			0.65	22	22	8	0
t3_jybw1v	Don’t ‘Californicate’ The Rest Of America			0.76	2501	2501	536	8
t3_jyfm9t	Finally America is realizing that Andrew Cuomo is a putz			0.79	1171	1171	163	1
t3_jyql4t	Chinese American Says the Left, Big Tech Reminds Him of Communist China			0.67	139	139	51	0
t3_jyuhux	Trump campaign attorney responds to Pennsylvania ruling &amp; they’re grateful			0.65	45	45	32	0
t3_jynp3x	Trump Orders Hasty Afghanistan, Iraq Drawdowns to Beat Biden Inauguration			0.84	248	248	115	0
t3_jyy46n	What the Media Is Hiding About the DHS’ Election Security Statement			0.58	18	18	29	0
t3_jymov0	Trump Warns 'Massive Fraud' to Be Uncovered in Michigan Vote			0.71	293	293	212	3
t3_jz5jz3	Shelby Steele: The Inauthenticity Behind Black Lives Matter			0.54	6	6	8	1
t3_jz85et	A student debt bailout would be unjust			0.62	3	3	0	0
t3_jyjz4y	"NY Business Owners Stand Up To Unconstitutional ""Lockdown"" Orders"			0.79	441	441	83	0
t3_jyoysg	Georgia counties saw a mail-in ballot rejection rate as high as double digits, but magically all those problems disappeared in November? See the USA county map enclosed w/in the article for pre-November mail-in ballot rejection rates.			0.76	165	165	40	0
t3_jyi8r3	CA-25 Republican Rep. Mike Garcia Claims Victory; Democrat Christy Smith Cries Foul			0.82	596	596	41	1
t3_jykf6t	Just a reminder: Obama won his very first election by charging his opponents with election fraud. Oh, you didn't know?			0.72	389	389	75	2
t3_jyw3pi	Million MAGA March: Unravelling a Violent Viral Video			0.61	28	28	27	0
t3_jz1z44	Top House conservative plots post-Trump GOP			0.57	8	8	34	0
t3_jz1up7	Trump Lawyer Says New Lawsuits Will Be Filed in Georgia Soon: 'Quite a Shock'			0.54	9	9	22	0
t3_jygwhl	Donald Trump Improved Standing With Latinos In 78 Of America’s 100 Majority-Hispanic Counties			0.81	675	675	62	2
t3_jypb2u	Philly Bans All Indoor Gatherings Unless You're Still Counting Biden Votes			0.68	133	133	1	0
t3_jz3ai3	The Inauthenticity Behind Black Lives Matter			0.56	8	8	11	0
t3_jyix1z	After 2,600 Uncounted Votes Turn Up In Georgia – The Chief Elections Clerk Finds A Pink Slip Waiting For Him			0.8	450	450	100	1
t3_jyjop2	Effort to recall Calif. Gov. Gavin Newsom granted 120 day extension to March 17 | One America News Network			0.79	380	380	50	1
t3_jyl9yv	If We Want People To Accept A COVID-19 Vaccine, We Should Stop Lying To Them About The Disease			0.79	287	287	64	1
t3_jywoz2	G20 Leaders Move To Distribute Covid Vaccines Fairly			0.62	17	17	13	0
t3_jylrpb	Author Abigail Shrier faces threats after warning teen trans epidemic			0.82	246	246	43	0
t3_jysta7	Trump camp's lawsuit struck down in Pennsylvania			0.68	47	47	55	0
t3_jyfczv	Sacramento Sheriff on Not Enforcing COVID Curfew: Making Cops 'Instruments' of 'Oppression' Damages Community Relations			0.78	746	746	87	1
t3_jywq0m	U.K. to use AI tool to process 'high volume' of expected adverse reactions from COVID vaccine			0.63	20	20	5	0
t3_jytpjk	Pa. Senator Pat Toomey Says President Trump Has 'Exhausted All Plausible Legal Options'			0.63	33	33	75	0
t3_jyp7pw	Judge Dismisses Trump Campaign’s Pennsylvania Lawsuit, Slams ‘Strained’ Reasoning; This only helps these cases reach higher levels of court because signed affidavits are admissible in court			0.67	115	115	55	0
t3_jyvsf7	Dutch doctors allowed to sedate euthanasia patients before their death			0.64	21	21	16	0
t3_jylr3z	Recall California Governor Gavin Newsom (2020)			0.82	207	207	24	0
t3_jyb6wn	Exiled Tibetan leader Lobsang Sangay visits White House, irking China			0.87	1278	1278	60	0
t3_jyqxuo	FLASHBACK: Experts Urge Clinton Campaign to Challenge Election Results in 3 Swing States (2016 claims of vote manipulation and hacking)			0.68	68	68	18	0
t3_jyiy50	Summary: The biggest threat to our democracy, freedom, and prosperity is a sycophant media that campaigns for one party and seeks to destroy the other. We are not a systemically racist country and it is absolutely not a threat to our democracy for anyone to challenge the results in an election.			0.74	323	323	82	3
t3_jya6cm	Hungarian Prime Minister: 'Soros One of the Most Corrupt People in World'			0.64	1898	1898	837	4
t3_jyby0o	Trump Announces Groundbreaking Rules to Lower Prescription Drug Prices			0.78	1020	1020	259	1
t3_jyf6s6	Sidney Powell: Whistleblowers 'May Need Witness Protection' After Their Allegations Are Brought to Light			0.76	566	566	232	1
t3_jyr204	Trump campaign files for new recount in Georgia			0.65	62	62	77	0
t3_jyex3l	The Dems and Liberal Media Have Raised Issues with Dominion, Smartmatic, and ES&amp;S for 20 Years. The Left and media has Known About Chavez's Ties to Smartmatic since 2006. Here's the Stories That They Can't Unwrite			0.77	576	576	167	1
t3_jynua5	Release: Toomey Statement on PA Federal Court Decision, Congratulates President-elect Biden | U.S. Senator Pat Toomey of Pennsylvania			0.76	108	108	99	0
t3_jyoy6m	Biden to ‘Racist’ Trump Voters: ‘Let’s Heal.’ That’s Easy for Him to Say.			0.72	83	83	29	0
t3_jyjucr	The Greatest Electoral Heist in American History -- The pieces are finally coming together, and they reveal a masterpiece of electoral larceny involving Big Tech oligarchs, activists, and government officials who prioritize partisanship over patriotism.			0.68	234	234	58	1
t3_jypjqa	Merkel's Germany Tells Trump Not to Bring Troops Home from Afghanistan			0.74	70	70	61	0
t3_jyv3rt	China Hero Guangcheng Chen Decries Brutal Forced Abortions, Infanticide			0.64	17	17	2	0
t3_jynyp2	Regeneron Gets Emergency Clearance for COVID-19 Therapy			0.77	89	89	18	1
t3_jyt1et	Feds seek death penalty against gang leader accused of 7 murders			0.69	25	25	8	0
t3_jyqoj0	Dr. Ben Carson: Trump Saved My Life After I Got COVID			0.64	45	45	20	1
t3_jytbjn	Gov. Brown encourages Oregonians to call police on neighbors who violate COVID-19 freeze			0.63	22	22	45	0
t3_jytan4	Detroit voters sue President Trump over his attempt to block certification of election results			0.62	29	29	77	0
t3_jyt1jg	UN Hijacks #InternationalMensDay With Feminist “Wokeness”			0.6	19	19	28	0
t3_jyc9qd	CA-21 Republican David Valadao defeats Democrat Incumbent TJ Cox -- Reclaims another District stolen by ballot harvesting in 2018			0.72	661	661	54	0
t3_jyr0yx	New York City Cop Pummeled By Mob, Police Say			0.71	39	39	15	0
t3_jyv0um	FDA Grants Emergency Use Authorization To Antibody Cocktail Used By Trump			0.6	12	12	3	0
t3_jykt0d	Michigan AG Suggests Criminally Charging Republican Legislators for Meeting With Trump			0.82	142	142	36	0
t3_jymmtm	"If You Liked the 'New World Order,' You’ll Love 'The Great Reset' -- Your betters think you need to be ""reset"" and Covid-19 has presented the ""opportunity."""			0.73	95	95	35	0
t3_jymn5f	Pence Visits Georgia, Vows to ‘Keep Fighting Until Every Illegal Vote Is Thrown Out’			0.68	99	99	13	0
t3_jywbu8	Howie Carr: Pam Kelley, another Kennedy casualty, passes away			0.61	10	10	0	0
t3_jyhv8l	Drug overdose killed him, not my knee on his neck – Officer in George Floyd’s death			0.67	230	230	244	2
t3_jygcko	Tibetan political leader makes visit to White House for first time in six decades			0.87	283	283	18	0
t3_jyvlgr	Xi Jinping’s Two Year Plan			0.6	11	11	1	0
t3_jyly95	"Green Card Holder in Nevada Received Mail-In Ballot: ""The Japanese man who is a green card holder said that although he is not a U.S. citizen, he received a mail-in ballot. He was puzzled as to why he was registered as a voter by local authorities."""			0.78	101	101	9	1
t3_jyaufj	Berkeley professor sparks outrage by claiming Trump supporters who have an 'indifference' to COVID are like Germans who 'ignored and profited from the Holocaust'			0.83	735	735	219	0
t3_jyobi4	Michigan Legislators Face Calls For Possible Criminal Charges After Meeting With President Trump On Certification			0.71	53	53	35	0
t3_jyn4xj	Trump campaign statement on Pennsylvania ruling			0.73	73	73	186	0
t3_jyeymy	Dominion shuttering offices, shredding documents in dash to forestall post-election investigations			0.71	313	313	148	4
t3_jyezy9	Sens. Warren, Klobuchar Sent Letter Warning About Dominion, Other Election Tech in 2019			0.81	309	309	16	0
t3_jyp3ti	Trump Lawyers: Pennsylvania Lawsuit Dismissal Moves Us Closer to Supreme Court			0.63	51	51	39	0
t3_jysprc	FDA Grants Emergency Use Authorization To Antibody Cocktail Used By Trump			0.69	20	20	3	0
t3_jyfgsz	"Jordan Sekulow: Pending Georgia Lawsuit 'Shocking' -- To those saying ""put up or shut up, it's coming this week."""			0.76	272	272	134	0
t3_jydomn	Gut check.			0.6	391	391	231	3
t3_jyc4mm	In new twist, Georgia governor urges audit of ballot envelop signatures to look for fraud			0.76	485	485	153	0
t3_jyi558	Federal Court Strikes Down Florida LGBTQ Counseling Ban -- Struck down laws that prohibit mental health professionals from counseling children and teens who are troubled by unwanted same-sex attractions or gender dysphoria.			0.82	172	172	39	0
t3_jyv9rf	Black Rifle Coffee Founders Cave to the Rage Mob After Kyle Rittenhouse Wore Their T-Shirt, Pulls Blaze Sponsorship - Media Right News			0.53	8	8	90	0
t3_jybxek	Gov. Cuomo wins Emmy for Best Portrayal of A Mass Murderer. “People around the world tuned in to find out what was going on and who Cuomo was going to kill next. It was really quite riveting”			0.69	475	475	114	2
t3_jy4b5e	Ben Carson says he's 'out of the woods' after being 'extremely sick' with COVID-19			0.81	4144	4144	935	9
t3_jymyck	Covid-19: Sweden's herd immunity strategy has failed, hospitals inundated			0.66	61	61	126	1
t3_jyh39n	Sheriffs not enforcing Newsom's coronavirus curfew, won't 'make criminals' of law-abiding citizens			0.84	185	185	6	0
t3_jyhhtr	McEnany: Trump's path to victory is Supreme Court, exposing 'systemic' voter fraud			0.72	167	167	201	1
t3_jyh4ma	‘I Had To Protect Myself’: Rittenhouse Speaks Out Before Jail Release; New Details Emerge About Fatally Shot Rioter			0.75	170	170	101	0
t3_jydj00	LIVE: March for Trump in Atlanta, Georgia			0.7	299	299	97	1
t3_jz1a2k	TN Promise offers free college tuition. But high school seniors must apply now			0.51	1	1	8	0
t3_jydzd2	Twitter says it will hand control of US president's official account to Joe Biden on January 20 - regardless of whether Donald Trump has left the White House			0.76	256	256	172	1
t3_jydelh	Giuliani Alleges Dominion Director's Ties to Antifa			0.69	276	276	141	0
t3_jydeaa	Green Card Holder in Nevada Received Mail-In Ballot			0.71	254	254	43	0
t3_jykval	The ACLU and College Professors are Encouraging Book Burnings			0.75	70	70	22	0
t3_jygs96	Merkel's Germany Tells Trump Not to Bring Troops Home from Afghanistan			0.78	138	138	83	0
t3_jylxwi	Tucker Carlson And Media Elites Cozy Up To Private Equity Moguls			0.77	55	55	15	0
t3_jz48az	Alinskyism On Steroids: The Great Election Fraud of 2020 -- Scott Lively sees 'corruption of biblical proportions that God alone can deliver us from'			0.48	0	0	9	2
t3_jydz3d	Sen. Tom Cotton: It's the 400th anniversary of the Pilgrims' arrival. Why haven't we heard more about it?			0.78	211	211	23	0
t3_jyq97y	Military flights up 500% last week			0.62	21	21	54	0
t3_jymtk9	Watch: Hundreds of Activists Gather for 'Stop the Steal' Rally in Georgia			0.64	44	44	4	0
t3_jyp2at	The Swing Senator -- How Susan Collins survived the resistance.			0.65	29	29	6	0
t3_jyfij4	Georgia Gov. Kemp Calls for Audit, Says Trump Can Demand New Recount			0.73	147	147	31	0
t3_jyp51o	Virginia Police Officers Deliver Thanksgiving Feasts Donated by Anonymous Family			0.64	25	25	4	0
t3_jyjnpv	Jordan Sekulow to Newsmax TV: Pending Georgia Lawsuit 'Shocking'			0.72	68	68	29	0
t3_jype9s	Franklin Graham: 'Hatred that We See from Many in the Public Square Toward Christians Is Incredible'			0.57	24	24	55	0
t3_jyp5t5	Struggling Retailers Owe $52 Billion In Overdue Rents (Lockdown effect?)			0.66	26	26	22	0
t3_jyi398	Stacey Abrams’ Group Dropping $2.7 Million Ahead of Georgia Senate Runoffs			0.75	91	91	17	0
t3_jyaxu6	Scalise: GOP Gave Moderate Dems Chance to Vote with Us for the Last 2 Years; They Voted with Pelosi, AOC 90% of the Time			0.74	309	309	50	0
t3_jy56dt	Trump Announces New Regulations Lowering Prescription Drug Costs			0.84	1474	1474	292	5
t3_jykdwj	Twitter Plans To Hand @POTUS Handle Over To Biden On Jan. 20 No Matter What			0.72	56	56	25	0
t3_jyhleq	Media and Democrats Decide They Love Forever War Now Because Orange Man Bad			0.72	96	96	36	0
t3_jybrmo	Joe Biden's 'Vote Joe' website defaced by Turkish Hackers			0.77	238	238	17	0
t3_jya8e5	Carlson: 'Great News' if Powell Proves Tech Companies Switched Millions of Votes -- Uncovered 'Greatest Crime in the History of This Country'			0.68	331	331	364	1
t3_jy8o93	Our hypocritical leaders refuse to obey their own COVID-19 rules. Actually, all the COVID rules are for us, not them. And the message that comes through loud and clear: Wink, wink — COVID’s not really that big a deal.			0.7	516	516	270	2
t3_jz2m3h	The 1620 Project | NAS			0.51	1	1	1	0
t3_jykrdw	Lying pizza joint employee forced 1.7 million people into COVID-19 lockdown			0.7	50	50	20	0
t3_jymo4e	100+ Antifa Rioters Vandalized Portland Buildings -- No Arrests			0.61	30	30	14	0
t3_jy8rml	81-year-old former Marine uses his grandfather's Irish shillelagh to beat down burglars and drive them away			0.82	447	447	43	0
t3_jykueb	More New Research Shows Only Those With Symptoms Spread COVID-19. Masks, School Closings &amp; Lockdowns Couldn't Have Been More Pointless.			0.62	45	45	16	0
t3_jyuk4i	Religion, Liberty, and Religious Liberty -- Emmanuel Macron Pushes France to Confront Islamism			0.56	7	7	9	0
t3_jyjneg	Michigan, National Republicans Want State Certification Delayed			0.7	59	59	2	0
t3_jyi40z	Outside Groups Flooding Georgia with Ad Buys Before Senate Runoffs			0.73	69	69	12	0
t3_jz1f69	Neighbors, businesses react to NE Portland vandalism			0.5	0	0	16	0
t3_jyadln	Did You Know: Majority Of State Capitols Will Have Nativity Scene Displays In 2020; More To Come			0.75	250	250	67	0
t3_jygjwb	Dems launch personal attacks against Wayne County GOP canvassers | One America News Network			0.69	75	75	9	0
t3_jykfne	Bureau of Justice Statistics (BJS) - Violent Victimization by Race or Ethnicity, 2005-2019			0.72	40	40	11	1
t3_jypbms	Delingpole: Sesame Street Sells Its Soul to the Great Reset			0.57	16	16	10	0
t3_jyme81	James Freeman: Is there a vaccine to prevent media fright?			0.67	24	24	7	0
t3_jyqipn	Time is just not on Trump’s side to overturn 2020 election results			0.52	9	9	143	0
t3_jyzmit	4 Radical Policies That Could Pass if Democrats Win the Georgia Senate Runoffs			0.51	2	2	6	0
t3_jy9egu	Joe Biden loses it at reporter who asked about kids going back to classrooms - then tells press to leave			0.76	254	254	80	0
t3_jxzwnd	Every County Sheriff in L.A. Region Declines to Enforce Gavin Newsom's Coronavirus Curfew			0.86	2578	2578	316	7
t3_jygoog	Trump voters back the President’s charges of election fraud led by Democrats			0.63	60	60	66	0
t3_jybm40	Appeals court upholds 'reason bans,' denying abortions over Down Syndrome, gender or race			0.76	143	143	76	0
t3_jyheq5	Jonathan Turley weighs in on Michigan AG's threats against Republicans who oppose certification			0.73	54	54	2	0
t3_jye9se	Smartmatic email addresses show up in hacking groups for malware (makers of Dominion voting software) The Hackingteam Archives			0.71	91	91	20	0
t3_jymbfx	The DNC Is Convinced Ossoff Is the Candidate That Can Flip the Senate			0.63	20	20	20	0
t3_jymbg4	Gov. Newsom's Running Into a Problem with His COVID Curfew			0.64	17	17	7	0
t3_jyazd0	The student loan crisis solved. Simple solutions are the best.			0.52	168	168	573	0
t3_jxvfcc	'We Must Cancel Thanksgiving,' Says CDC Scientist Who Looks Suspiciously Like A Turkey In A Lab Coat			0.76	6216	6216	243	9
t3_jy0jq8	"Pro-Life Students Arrested For ""Black Preborn Lives Matter"" Chalking... Now They're Suing The City"			0.85	1757	1757	193	3
t3_jymjav	Far-left San Francisco DA blasts Kyle Rittenhouse posting bail: 'White shooter motivated by racial bias'			0.56	15	15	47	0
t3_jyik3v	Sidney Powell has expanded on the scope of the Dominion scam			0.58	32	32	142	0
t3_jydaz1	If the Orange Man really wanted to be as BAD as you think he is.			0.67	73	73	20	0
t3_jy4ptr	Georgia Governor Calls for Audit of Signatures on Ballot Envelopes			0.82	631	631	117	0
t3_jy248u	Anti-Trump Legal Team Withdraws In Pennsylvania			0.82	1072	1072	190	1
t3_jyjtlr	When the NFL Plays Politics, Small-Business Owners Get Tackled, Too			0.66	27	27	9	0
t3_jy8qby	Joe Biden: Why Are Reporters Asking Me Questions? On Friday, Biden appeared dumbfounded as to why a reporter was asking the projected Democratic presidential-elect a question as the press pool was being scurried away by staff.			0.75	200	200	59	1
t3_jytvwo	Huntington Beach protest targets California’s coronavirus curfew			0.51	2	2	15	0
t3_jy4x55	Harvard Students Demand That Trump Officials Be Preemptively Barred From Campus			0.85	519	519	173	0
t3_jyhsxr	Brian Williams mocks Geraldo Rivera suggestion to name COVID-19 vaccine after Trump			0.71	33	33	19	0
t3_jybfam	BLM, Squad members pushing Dems, Biden to abolish prison			0.72	93	93	76	0
t3_jydeux	Loeffler Calls for Bipartisan Group to Examine Georgia Mail-in Ballots			0.66	58	58	3	0
t3_jy46nb	Liberals lash out at former child star Ricky Schroder after he helps bail Kyle Rittenhouse out of jail			0.61	574	574	636	0
t3_jy13sv	Pennsylvania house orders election audit			0.86	1008	1008	113	1
t3_jy4wx9	2020 Recount Ordered In Wisconsin			0.82	452	452	117	0
t3_jy2cli	Close to 100,000 Ballots in Pennsylvania Flagged by Math Professor in Sworn Affidavit			0.74	779	779	184	0
t3_jymats	Janet Daley: The infantilising of the (UK?) population over Covid is both medieval and immoral			0.6	11	11	3	0
t3_jy2icm	Donald Trump Jr. tests positive for COVID-19			0.83	732	732	235	60
t3_jyb4tl	6 Big Claims by Trump’s Lawyers About Overturning Election Results			0.71	81	81	15	0
t3_jyfsno	Mich. back in play as Wayne County GOP canvassers rescind certifications | One America News Network			0.58	38	38	44	0
t3_jybaah	Rudy and Sidney’s Krakentastic Spectacle, and What It Could Mean -- A dismissive legacy media might have panned Team Trump’s press conference Thursday, but it was a significant moment with significant portents.			0.7	77	77	48	0
t3_jy6b5w	Congresswoman-elect starting 'Freedom Force' as counterweight to Dems' 'Squad'			0.78	287	287	34	1
t3_jyqk89	[CDC] Trends in County-Level COVID-19 Incidence in Counties With and Without a Mask Mandate — Kansas, June 1–August 23, 2020			0.55	6	6	14	0
t3_jyiisi	Green Card Holder in Nevada Received Mail-In Ballot			0.6	20	20	3	0
t3_jybjtt	If lockdowns work, why are they emptying the prisons?			0.54	78	78	177	0
t3_jyb2fr	IRONY ALERT: Newsom’s Restrictions Include Swanky Restaurant that Hosted His Infamous Dinner Party | Sean Hannity			0.74	71	71	10	0
t3_jy2qnh	Kyle Rittenhouse Says He Purchased AR-15 with COVID Stimulus Check			0.68	632	632	377	6
t3_jz593p	'This Obama judge' is 'outrageous': Mark Levin blasts PA ruling dismissing Trump voter fraud challenge			0.47	0	0	13	0
t3_jyofwf	George Floyd exhibit now open at Florida Holocaust center			0.55	12	12	128	0
t3_jygabf	Ilhan Omar Urges Biden To ‘Reverse’ President Trump’s Middle East Agreements			0.68	34	34	60	0
t3_jya5xb	Michigan GOP: We Are Putting the Secretary of State on Notice			0.72	85	85	32	0
t3_jy1csd	Hispanic Voters in Florida Feel Election Was Stolen from Trump			0.76	749	749	281	0
t3_jxtfum	Thanksgiving is November 26. Are you ready?			0.67	4942	4942	734	10
t3_jyd2bv	A rude awakening coming to Europe			0.68	46	46	33	0
t3_jy2yn9	Georgia Voting Meltdown in June Involved Dominion Voting machines			0.82	512	512	38	0
t3_jz0c9x	Satire: CNN Condemns Trump Rallies As 'Physically Peaceful But Morally Violent'			0.5	0	0	21	0
t3_jy1vb6	Satire: Democrats Push To Keep Schools Closed So Kids Will Be Dumb Enough To Accept Socialism			0.76	639	639	169	0
t3_jz59ss	Economic and Stock market crash: Professor warns of 66% plunge, negative returns in stock market for 12 years			0.38	0	0	22	0
t3_jydirx	An Incredibly Relevant Winston Churchill Quote about Enemies			0.64	39	39	4	0
t3_jy2yor	Multiple California Sheriffs Say They Will Not Enforce Gov. Newsom's New COVID Restrictions			0.84	472	472	39	1
t3_jxx5ob	Republican Ex-Rep. Tenney Wins Back Her Seat by 106 Votes in Nail-Biting NY-22 Race			0.88	1321	1321	59	0
t3_jxs99k	Black Female Police Chief in Virginia Fired After Aggressively Investigating and Prosecuting BLM Mob Violence			0.88	2935	2935	191	2
t3_jyfian	Dutch Doctors Can Now Drug Dementia Patients Before Killing Them to Prevent Resistance			0.62	23	23	38	0
t3_jygbbr	Hard-to-find 2020 election fraud stories and links			0.61	21	21	14	0
t3_jxzytc	Dominion Voting Systems Backs Out of Hearing, 'Lawyers Up,' PA GOP Furious, 'Why Are They Hiding?'			0.82	734	734	120	1
t3_jy4qhv	Data Scientist Flags Around 90,000 Votes in Pennsylvania			0.79	257	257	21	0
t3_jypjqn	No More Lockdown - Van Morrison			0.51	1	1	2	0
t3_jxrjrm	Dominion systems refuses to show up to Pennsylvania hearings			0.8	2863	2863	626	5
t3_jydflq	Midnight Train to Georgia? -- It is hardly surprising that progressive standard bearers are urging their fellows to winter in Georgia, register, and vote—before presumably decamping on January 6 to tell their friends of their heroic deeds.			0.62	28	28	13	0
t3_jy0gpq	Racist Left-Wing Video Violates Facebook’s 'Hate Speech' Guidelines, Remains Uncensored			0.87	590	590	36	0
t3_jydl7u	7 Ways the 2005 Carter-Baker Report Could Have Averted Problems With 2020 Election			0.64	29	29	2	0
t3_jydd2e	White House: Some states have ‘Orwellian’ COVID-19 restrictions | One America News Network			0.57	24	24	28	0
t3_jz1vvt	"Patrick Buchanan: ""Is Trump Exiting Afghanistan -- to Attack Iran?"""			0.43	0	0	6	0
t3_jy3nl0	Attorney Lin Wood: Georgia Woman Witnesses Shredding Company Shredding Ballots and Recycling Company Destroying Evidence at Elections Office in Cobb County			0.79	260	260	83	0
t3_jz4xv0	"David Limbaugh: ""The Censorious Left Is Obliterating Free Speech"""			0.41	0	0	8	0
t3_jxxqtz	Kyle Rittenhouse released from custody on $2 million cash bond			0.67	779	779	571	5
t3_jy4r1n	Georgia Governor Calls for Audit of Signatures on Ballot Envelopes			0.78	192	192	85	0
t3_jyzux5	"(RNC) Chairwoman Ronna McDaniel: GOP Must 'Run Down Every Single Irregularity' -- ""From a party perspective, we need to run down every single irregularity and make sure we pursue it so it doesn't happen again, and see if it changes the course of this election."""			0.5	0	0	6	0
t3_jy41hq	Sidney Powell: Evidence of vote-fraud 'conspiracy' to be published -- Documents will be posted online as soon as this weekend			0.79	223	223	135	0
t3_jxt0dz	Newsom Announces Curfew So He Won't Have To Wait In Long Line At Fancy Restaurants			0.86	1564	1564	90	2
t3_jy7mra	Conservative SCOTUS Justices Assigned to 4 of 6 Contested Election States			0.74	88	88	99	0
t3_jxqx1x	GOP Win In PA: Judge Tosses Thousands Of Ballots Without Dates, Reversing Lower Court Ruling			0.81	2271	2271	830	4
t3_jz2vxd	A Hilarious Peaceful Protest Meme Shows the Truth about Antifa			0.42	0	0	0	0
t3_jxraf0	While You Were Focused on The Kraken, the Senate Continued Confirming Trump Federal Judges			0.85	1878	1878	568	6
t3_jz13ya	How Democrats plan to use Facebook and Twitter to subvert the first amendment and censor their critics			0.43	0	0	15	0
t3_jxzwbe	Nikki Haley Asks AOC How Will She Pay for Green New Deal When She Wants to Pay People Not to Work			0.83	445	445	131	2
t3_jy9z5t	What's Now at Stake Is The Rule of Law			0.67	44	44	4	0
t3_jy8lyb	Should Conservatives Be Reeducated? Maybe So, According to a DNC Official			0.74	59	59	37	1
t3_jxwx2d	Why have over 100 Dominion employees deleted their profiles on LinkedIn? – Headlines 360			0.85	714	714	161	0
t3_jxog87	College deletes Instagram post spotlighting Republican student after fellow students complain conservatives are dangerous, want to kill black people			0.7	4137	4137	774	4
t3_jy240e	How Christianity Gained Cultural Momentum In The Trump Era -- Some celebrities are not just talking the talk, but they seem to be walking a walk that seems to counter what Hollywood culture promotes and accepts.			0.8	272	272	25	1
t3_jybkhl	Court: Tennessee Can Enforce Down Syndrome Abortion Ban			0.63	31	31	64	1
t3_jxzkim	Kevin McCarthy letter urges 23 House Dems to bypass Nancy Pelosi and deliver COVID-19 relief for America			0.86	431	431	38	0
t3_jy8kkz	Colin Kaepernick goes full radical with call to free cop killer			0.68	53	53	9	0
t3_jy8v1a	Oregon Business Owners: State Officials Know Lockdowns Do Not Slow the Spread of Coronavirus, But They're Doing Them Anyway.			0.68	52	52	10	0
t3_jxw4a9	Ohio Just Shut Down Their Republican Governor – House Passes Bill To Keep Him From Closing Non-Essential Businesses			0.86	752	752	183	0
t3_jz07j1	Satire: Joseph Stalin To Receive International Emmy For His Outstanding Hunger Relief Efforts			0.43	0	0	2	0
t3_jxqjdc	CNN Accuses Parler As 'Threat To Democracy' Amid Facebook, Twitter's Censorship, Political Bias			0.86	1811	1811	324	3
t3_jy17rm	Horror in Chicago: Bullet hits 5-year-old boy in the head as he sat on the couch playing on an iPad.			0.87	295	295	95	0
t3_jy45yn	Sidney Powell's recent interview with Howie Carr...rather DISTURBING news if there is evidence. You should listen.			0.75	161	161	198	1
t3_jy8kt6	Obama to produce Netflix series about Trump transition, unclear whether it will include abusing intel agencies to spy on successor			0.69	54	54	24	0
t3_jyfh7c	Sorry, 1619 Project, But the Mayflower Was Far More Pivotal to American History			0.55	11	11	2	0
t3_jyc5wq	Bo Erickson of CBS asks Biden about his son. He says it's just a smear campaign.			0.62	25	25	15	0
